id,peso,valor
PKG-001,12.5,180
PKG-002,35,420
PKG-003,78.5,950
PKG-004,120,1350
PKG-005,8,95
PKG-006,52,680
PKG-007,185,2100
PKG-008,24.5,310
PKG-009,67,790
PKG-010,15,220
PKG-011,95.5,1120
PKG-012,42,560
PKG-013,210,2450
PKG-014,6.5,85
PKG-015,130,1580
PKG-016,28,375
PKG-017,160.5,1890
PKG-018,18,260
PKG-019,87,1025
PKG-020,305,3600
PKG-021,110,1320
PKG-022,280,3360
PKG-023,145,1740
PKG-024,350,4200
PKG-025,175,2100
PKG-026,420,5040
PKG-027,125,1625
PKG-028,300,3900
PKG-029,160,2080
PKG-030,480,6240
PKG-031,190,2470
PKG-032,250,3250
PKG-033,135,1890
PKG-034,390,5460
PKG-035,180,2520
PKG-036,450,6300
PKG-037,105,1575
PKG-038,320,4800
PKG-039,155,2325
PKG-040,500,7500
